{
  "@microsoft/generator-sharepoint": {
    "plusBeta": false,
    "isCreatingSolution": true,
    "nodeVersion": "16.20.2",
    "sdksVersions": {
      "@microsoft/microsoft-graph-client": "3.0.2",
      "@microsoft/teams-js": "2.9.1"
    },
    "version": "1.17.4",
    "libraryName": "glossary",
    "libraryId": "230d8252-05d8-487b-a764-726e04ec88e1",
    "environment": "spo",
    "packageManager": "npm",
    "solutionName": "Glossary",
    "solutionShortDescription": "Glossary description",
    "skipFeatureDeployment": true,
    "isDomainIsolated": false,
    "componentType": "webpart"
  }
}
