{
  "$schema": "https://developer.microsoft.com/json-schemas/spfx-build/package-solution.schema.json",
  "solution": {
    "name": "glossary-client-side-solution",
    "id": "230d8252-05d8-487b-a764-726e04ec88e1",
    "version": "1.0.0.0",
    "includeClientSideAssets": true,
    "skipFeatureDeployment": true,
    "isDomainIsolated": false,
    "developer": {
      "name": "",
      "websiteUrl": "",
      "privacyUrl": "",
      "termsOfUseUrl": "",
      "mpnId": "Undefined-1.17.4"
    },
    "metadata": {
      "shortDescription": {
        "default": "Glossary description"
      },
      "longDescription": {
        "default": "Glossary description"
      },
      "screenshotPaths": [],
      "videoUrl": "",
      "categories": []
    },
    "features": [
      {
        "title": "glossary Feature",
        "description": "The feature that activates elements of the glossary solution.",
        "id": "93a43bc8-734f-4269-a4a4-58273c6ede3e",
        "version": "1.0.0.0"
      }
    ]
  },
  "paths": {
    "zippedPackage": "solution/glossary.sppkg"
  }
}
